{
  "best_epoch": 8,
  "peak_cpu_memory_MB": 12375.312,
  "peak_gpu_0_memory_MB": 3589,
  "peak_gpu_1_memory_MB": 9203,
  "peak_gpu_2_memory_MB": 20265,
  "peak_gpu_3_memory_MB": 12,
  "peak_gpu_4_memory_MB": 12,
  "peak_gpu_5_memory_MB": 17287,
  "peak_gpu_6_memory_MB": 12,
  "peak_gpu_7_memory_MB": 12,
  "training_duration": "00:53:59",
  "training_start_epoch": 0,
  "training_epochs": 8,
  "epoch": 8,
  "training_AMR-2017_UAS": 0.8578039756211187,
  "training_AMR-2017_LAS": 0.8578039756211187,
  "training_AMR-2017_UEM": 0.4201330791081365,
  "training_AMR-2017_LEM": 0.4201330791081365,
  "training_AMR-2017_Label_Acc": 0.0,
  "training_AMR-2017_Average_Insides": -28.986659753129565,
  "training_AMR-2017_Loss_Minus_Insides": -108.59547205731968,
  "training_loss": -137.58213181044925,
  "training_cpu_memory_MB": 12375.312,
  "training_gpu_0_memory_MB": 3589,
  "training_gpu_1_memory_MB": 9203,
  "training_gpu_2_memory_MB": 20265,
  "training_gpu_3_memory_MB": 12,
  "training_gpu_4_memory_MB": 12,
  "training_gpu_5_memory_MB": 17287,
  "training_gpu_6_memory_MB": 12,
  "training_gpu_7_memory_MB": 12,
  "validation_AMR-2017_UAS": 0.8544769731210409,
  "validation_AMR-2017_LAS": 0.8544769731210409,
  "validation_AMR-2017_UEM": 0.29500580720092917,
  "validation_AMR-2017_LEM": 0.29500580720092917,
  "validation_AMR-2017_Label_Acc": 0.0,
  "validation_AMR-2017_Average_Insides": -80.49602710383833,
  "validation_AMR-2017_Loss_Minus_Insides": -64.82155633348081,
  "validation_loss": -145.31758343731914,
  "best_validation_AMR-2017_UAS": 0.8544769731210409,
  "best_validation_AMR-2017_LAS": 0.8544769731210409,
  "best_validation_AMR-2017_UEM": 0.29500580720092917,
  "best_validation_AMR-2017_LEM": 0.29500580720092917,
  "best_validation_AMR-2017_Label_Acc": 0.0,
  "best_validation_AMR-2017_Average_Insides": -80.49602710383833,
  "best_validation_AMR-2017_Loss_Minus_Insides": -64.82155633348081,
  "best_validation_loss": -145.31758343731914
}