{
  "best_epoch": 6,
  "peak_cpu_memory_MB": 11933.644,
  "peak_gpu_0_memory_MB": 9128,
  "peak_gpu_1_memory_MB": 7373,
  "peak_gpu_2_memory_MB": 12,
  "peak_gpu_3_memory_MB": 12,
  "peak_gpu_4_memory_MB": 12,
  "peak_gpu_5_memory_MB": 12,
  "peak_gpu_6_memory_MB": 12,
  "peak_gpu_7_memory_MB": 12,
  "training_duration": "00:31:25",
  "training_start_epoch": 0,
  "training_epochs": 6,
  "epoch": 6,
  "training_AMR-2017_UAS": 0.8496109466259582,
  "training_AMR-2017_LAS": 0.8496109466259582,
  "training_AMR-2017_UEM": 0.40480174325849255,
  "training_AMR-2017_LEM": 0.40480174325849255,
  "training_AMR-2017_Label_Acc": 0.0,
  "training_AMR-2017_Average_Insides": -30.535172133848786,
  "training_AMR-2017_Loss_Minus_Insides": -107.11262943618951,
  "training_loss": -137.6478015700383,
  "training_cpu_memory_MB": 11933.644,
  "training_gpu_0_memory_MB": 9128,
  "training_gpu_1_memory_MB": 7373,
  "training_gpu_2_memory_MB": 12,
  "training_gpu_3_memory_MB": 12,
  "training_gpu_4_memory_MB": 12,
  "training_gpu_5_memory_MB": 12,
  "training_gpu_6_memory_MB": 12,
  "training_gpu_7_memory_MB": 12,
  "validation_AMR-2017_UAS": 0.8529361410717343,
  "validation_AMR-2017_LAS": 0.8529361410717343,
  "validation_AMR-2017_UEM": 0.29500580720092917,
  "validation_AMR-2017_LEM": 0.29500580720092917,
  "validation_AMR-2017_Label_Acc": 0.0,
  "validation_AMR-2017_Average_Insides": -72.93071261141773,
  "validation_AMR-2017_Loss_Minus_Insides": -72.21856638254204,
  "validation_loss": -145.14927899395977,
  "best_validation_AMR-2017_UAS": 0.8529361410717343,
  "best_validation_AMR-2017_LAS": 0.8529361410717343,
  "best_validation_AMR-2017_UEM": 0.29500580720092917,
  "best_validation_AMR-2017_LEM": 0.29500580720092917,
  "best_validation_AMR-2017_Label_Acc": 0.0,
  "best_validation_AMR-2017_Average_Insides": -72.93071261141773,
  "best_validation_AMR-2017_Loss_Minus_Insides": -72.21856638254204,
  "best_validation_loss": -145.14927899395977
}