{
  "best_epoch": 0,
  "peak_cpu_memory_MB": 11775.944,
  "peak_gpu_0_memory_MB": 7889,
  "peak_gpu_1_memory_MB": 2637,
  "peak_gpu_2_memory_MB": 12,
  "peak_gpu_3_memory_MB": 12,
  "peak_gpu_4_memory_MB": 12,
  "peak_gpu_5_memory_MB": 12,
  "peak_gpu_6_memory_MB": 12,
  "peak_gpu_7_memory_MB": 12,
  "training_duration": "00:04:30",
  "training_start_epoch": 0,
  "training_epochs": 0,
  "epoch": 0,
  "training_AMR-2017_UAS": 0.7238972329276603,
  "training_AMR-2017_LAS": 0.7238972329276603,
  "training_AMR-2017_UEM": 0.2822677925211098,
  "training_AMR-2017_LEM": 0.2822677925211098,
  "training_AMR-2017_Label_Acc": 0.0,
  "training_AMR-2017_Average_Insides": -50.60490257936102,
  "training_AMR-2017_Loss_Minus_Insides": -87.15182488598865,
  "training_loss": -137.75672746534966,
  "training_cpu_memory_MB": 11775.944,
  "training_gpu_0_memory_MB": 7889,
  "training_gpu_1_memory_MB": 2637,
  "training_gpu_2_memory_MB": 12,
  "training_gpu_3_memory_MB": 12,
  "training_gpu_4_memory_MB": 12,
  "training_gpu_5_memory_MB": 12,
  "training_gpu_6_memory_MB": 12,
  "training_gpu_7_memory_MB": 12,
  "validation_AMR-2017_UAS": 0.8198082520116419,
  "validation_AMR-2017_LAS": 0.8198082520116419,
  "validation_AMR-2017_UEM": 0.22531939605110338,
  "validation_AMR-2017_LEM": 0.22531939605110338,
  "validation_AMR-2017_Label_Acc": 0.0,
  "validation_AMR-2017_Average_Insides": -65.4702280636587,
  "validation_AMR-2017_Loss_Minus_Insides": -79.28241594540164,
  "validation_loss": -144.75264400906033,
  "best_validation_AMR-2017_UAS": 0.8198082520116419,
  "best_validation_AMR-2017_LAS": 0.8198082520116419,
  "best_validation_AMR-2017_UEM": 0.22531939605110338,
  "best_validation_AMR-2017_LEM": 0.22531939605110338,
  "best_validation_AMR-2017_Label_Acc": 0.0,
  "best_validation_AMR-2017_Average_Insides": -65.4702280636587,
  "best_validation_AMR-2017_Loss_Minus_Insides": -79.28241594540164,
  "best_validation_loss": -144.75264400906033
}