{
  "best_epoch": 2,
  "peak_cpu_memory_MB": 11933.644,
  "peak_gpu_0_memory_MB": 7889,
  "peak_gpu_1_memory_MB": 7373,
  "peak_gpu_2_memory_MB": 12,
  "peak_gpu_3_memory_MB": 12,
  "peak_gpu_4_memory_MB": 12,
  "peak_gpu_5_memory_MB": 12,
  "peak_gpu_6_memory_MB": 12,
  "peak_gpu_7_memory_MB": 12,
  "training_duration": "00:13:18",
  "training_start_epoch": 0,
  "training_epochs": 2,
  "epoch": 2,
  "training_AMR-2017_UAS": 0.8284430549833868,
  "training_AMR-2017_LAS": 0.8284430549833868,
  "training_AMR-2017_UEM": 0.3613759290244757,
  "training_AMR-2017_LEM": 0.3613759290244757,
  "training_AMR-2017_Label_Acc": 0.0,
  "training_AMR-2017_Average_Insides": -35.748752021362776,
  "training_AMR-2017_Loss_Minus_Insides": -101.9424681814865,
  "training_loss": -137.69122020284928,
  "training_cpu_memory_MB": 11933.644,
  "training_gpu_0_memory_MB": 7889,
  "training_gpu_1_memory_MB": 7373,
  "training_gpu_2_memory_MB": 12,
  "training_gpu_3_memory_MB": 12,
  "training_gpu_4_memory_MB": 12,
  "training_gpu_5_memory_MB": 12,
  "training_gpu_6_memory_MB": 12,
  "training_gpu_7_memory_MB": 12,
  "validation_AMR-2017_UAS": 0.8405238828967643,
  "validation_AMR-2017_LAS": 0.8405238828967643,
  "validation_AMR-2017_UEM": 0.26364692218350755,
  "validation_AMR-2017_LEM": 0.26364692218350755,
  "validation_AMR-2017_Label_Acc": 0.0,
  "validation_AMR-2017_Average_Insides": -60.992524731173056,
  "validation_AMR-2017_Loss_Minus_Insides": -84.63877517071859,
  "validation_loss": -145.63129990189165,
  "best_validation_AMR-2017_UAS": 0.8405238828967643,
  "best_validation_AMR-2017_LAS": 0.8405238828967643,
  "best_validation_AMR-2017_UEM": 0.26364692218350755,
  "best_validation_AMR-2017_LEM": 0.26364692218350755,
  "best_validation_AMR-2017_Label_Acc": 0.0,
  "best_validation_AMR-2017_Average_Insides": -60.992524731173056,
  "best_validation_AMR-2017_Loss_Minus_Insides": -84.63877517071859,
  "best_validation_loss": -145.63129990189165
}