{
  "best_epoch": 3,
  "peak_cpu_memory_MB": 11933.644,
  "peak_gpu_0_memory_MB": 9116,
  "peak_gpu_1_memory_MB": 7373,
  "peak_gpu_2_memory_MB": 12,
  "peak_gpu_3_memory_MB": 12,
  "peak_gpu_4_memory_MB": 12,
  "peak_gpu_5_memory_MB": 12,
  "peak_gpu_6_memory_MB": 12,
  "peak_gpu_7_memory_MB": 12,
  "training_duration": "00:17:43",
  "training_start_epoch": 0,
  "training_epochs": 3,
  "epoch": 3,
  "training_AMR-2017_UAS": 0.8356119553541521,
  "training_AMR-2017_LAS": 0.8356119553541521,
  "training_AMR-2017_UEM": 0.3745671037783571,
  "training_AMR-2017_LEM": 0.3745671037783571,
  "training_AMR-2017_Label_Acc": 0.0,
  "training_AMR-2017_Average_Insides": -33.891368191820334,
  "training_AMR-2017_Loss_Minus_Insides": -103.6469948283981,
  "training_loss": -137.53836302021844,
  "training_cpu_memory_MB": 11933.644,
  "training_gpu_0_memory_MB": 9116,
  "training_gpu_1_memory_MB": 7373,
  "training_gpu_2_memory_MB": 12,
  "training_gpu_3_memory_MB": 12,
  "training_gpu_4_memory_MB": 12,
  "training_gpu_5_memory_MB": 12,
  "training_gpu_6_memory_MB": 12,
  "training_gpu_7_memory_MB": 12,
  "validation_AMR-2017_UAS": 0.844889573703133,
  "validation_AMR-2017_LAS": 0.844889573703133,
  "validation_AMR-2017_UEM": 0.26364692218350755,
  "validation_AMR-2017_LEM": 0.26364692218350755,
  "validation_AMR-2017_Label_Acc": 0.0,
  "validation_AMR-2017_Average_Insides": -68.90667066590711,
  "validation_AMR-2017_Loss_Minus_Insides": -76.24917638903358,
  "validation_loss": -145.1558470549407,
  "best_validation_AMR-2017_UAS": 0.844889573703133,
  "best_validation_AMR-2017_LAS": 0.844889573703133,
  "best_validation_AMR-2017_UEM": 0.26364692218350755,
  "best_validation_AMR-2017_LEM": 0.26364692218350755,
  "best_validation_AMR-2017_Label_Acc": 0.0,
  "best_validation_AMR-2017_Average_Insides": -68.90667066590711,
  "best_validation_AMR-2017_Loss_Minus_Insides": -76.24917638903358,
  "best_validation_loss": -145.1558470549407
}