{
  "best_epoch": 1,
  "peak_cpu_memory_MB": 11933.644,
  "peak_gpu_0_memory_MB": 7889,
  "peak_gpu_1_memory_MB": 7373,
  "peak_gpu_2_memory_MB": 12,
  "peak_gpu_3_memory_MB": 12,
  "peak_gpu_4_memory_MB": 12,
  "peak_gpu_5_memory_MB": 12,
  "peak_gpu_6_memory_MB": 12,
  "peak_gpu_7_memory_MB": 12,
  "training_duration": "00:08:54",
  "training_start_epoch": 0,
  "training_epochs": 1,
  "epoch": 1,
  "training_AMR-2017_UAS": 0.8156799482545537,
  "training_AMR-2017_LAS": 0.8156799482545537,
  "training_AMR-2017_UEM": 0.3425035993618429,
  "training_AMR-2017_LEM": 0.3425035993618429,
  "training_AMR-2017_Label_Acc": 0.0,
  "training_AMR-2017_Average_Insides": -38.269361171034866,
  "training_AMR-2017_Loss_Minus_Insides": -99.61865748924953,
  "training_loss": -137.8880186602844,
  "training_cpu_memory_MB": 11933.644,
  "training_gpu_0_memory_MB": 7889,
  "training_gpu_1_memory_MB": 7373,
  "training_gpu_2_memory_MB": 12,
  "training_gpu_3_memory_MB": 12,
  "training_gpu_4_memory_MB": 12,
  "training_gpu_5_memory_MB": 12,
  "training_gpu_6_memory_MB": 12,
  "training_gpu_7_memory_MB": 12,
  "validation_AMR-2017_UAS": 0.8356445814072933,
  "validation_AMR-2017_LAS": 0.8356445814072933,
  "validation_AMR-2017_UEM": 0.26713124274099886,
  "validation_AMR-2017_LEM": 0.26713124274099886,
  "validation_AMR-2017_Label_Acc": 0.0,
  "validation_AMR-2017_Average_Insides": -63.620044588973435,
  "validation_AMR-2017_Loss_Minus_Insides": -79.93481443111844,
  "validation_loss": -143.55485902009187,
  "best_validation_AMR-2017_UAS": 0.8356445814072933,
  "best_validation_AMR-2017_LAS": 0.8356445814072933,
  "best_validation_AMR-2017_UEM": 0.26713124274099886,
  "best_validation_AMR-2017_LEM": 0.26713124274099886,
  "best_validation_AMR-2017_Label_Acc": 0.0,
  "best_validation_AMR-2017_Average_Insides": -63.620044588973435,
  "best_validation_AMR-2017_Loss_Minus_Insides": -79.93481443111844,
  "best_validation_loss": -143.55485902009187
}