{
  "best_epoch": 4,
  "peak_cpu_memory_MB": 11933.644,
  "peak_gpu_0_memory_MB": 9116,
  "peak_gpu_1_memory_MB": 7373,
  "peak_gpu_2_memory_MB": 12,
  "peak_gpu_3_memory_MB": 12,
  "peak_gpu_4_memory_MB": 12,
  "peak_gpu_5_memory_MB": 12,
  "peak_gpu_6_memory_MB": 12,
  "peak_gpu_7_memory_MB": 12,
  "training_duration": "00:22:10",
  "training_start_epoch": 0,
  "training_epochs": 4,
  "epoch": 4,
  "training_AMR-2017_UAS": 0.8415642217199971,
  "training_AMR-2017_LAS": 0.8415642217199971,
  "training_AMR-2017_UEM": 0.38659091793454997,
  "training_AMR-2017_LEM": 0.38659091793454997,
  "training_AMR-2017_Label_Acc": 0.0,
  "training_AMR-2017_Average_Insides": -32.65511565870705,
  "training_AMR-2017_Loss_Minus_Insides": -104.86483111336065,
  "training_loss": -137.5199467720677,
  "training_cpu_memory_MB": 11933.644,
  "training_gpu_0_memory_MB": 9116,
  "training_gpu_1_memory_MB": 7373,
  "training_gpu_2_memory_MB": 12,
  "training_gpu_3_memory_MB": 12,
  "training_gpu_4_memory_MB": 12,
  "training_gpu_5_memory_MB": 12,
  "training_gpu_6_memory_MB": 12,
  "training_gpu_7_memory_MB": 12,
  "validation_AMR-2017_UAS": 0.8513953090224277,
  "validation_AMR-2017_LAS": 0.8513953090224277,
  "validation_AMR-2017_UEM": 0.2659698025551684,
  "validation_AMR-2017_LEM": 0.2659698025551684,
  "validation_AMR-2017_Label_Acc": 0.0,
  "validation_AMR-2017_Average_Insides": -71.3075689066301,
  "validation_AMR-2017_Loss_Minus_Insides": -74.00738634555812,
  "validation_loss": -145.3149552521882,
  "best_validation_AMR-2017_UAS": 0.8513953090224277,
  "best_validation_AMR-2017_LAS": 0.8513953090224277,
  "best_validation_AMR-2017_UEM": 0.2659698025551684,
  "best_validation_AMR-2017_LEM": 0.2659698025551684,
  "best_validation_AMR-2017_Label_Acc": 0.0,
  "best_validation_AMR-2017_Average_Insides": -71.3075689066301,
  "best_validation_AMR-2017_Loss_Minus_Insides": -74.00738634555812,
  "best_validation_loss": -145.3149552521882
}