{
  "best_epoch": 7,
  "peak_cpu_memory_MB": 11933.644,
  "peak_gpu_0_memory_MB": 9130,
  "peak_gpu_1_memory_MB": 7373,
  "peak_gpu_2_memory_MB": 12,
  "peak_gpu_3_memory_MB": 12,
  "peak_gpu_4_memory_MB": 12,
  "peak_gpu_5_memory_MB": 12,
  "peak_gpu_6_memory_MB": 12,
  "peak_gpu_7_memory_MB": 12,
  "training_duration": "00:36:11",
  "training_start_epoch": 0,
  "training_epochs": 7,
  "epoch": 7,
  "training_AMR-2017_UAS": 0.8532377479950565,
  "training_AMR-2017_LAS": 0.8532377479950565,
  "training_AMR-2017_UEM": 0.4114946106852407,
  "training_AMR-2017_LEM": 0.4114946106852407,
  "training_AMR-2017_Label_Acc": 0.0,
  "training_AMR-2017_Average_Insides": -29.73660517568589,
  "training_AMR-2017_Loss_Minus_Insides": -107.61469341273948,
  "training_loss": -137.35129858842538,
  "training_cpu_memory_MB": 11933.644,
  "training_gpu_0_memory_MB": 9130,
  "training_gpu_1_memory_MB": 7373,
  "training_gpu_2_memory_MB": 12,
  "training_gpu_3_memory_MB": 12,
  "training_gpu_4_memory_MB": 12,
  "training_gpu_5_memory_MB": 12,
  "training_gpu_6_memory_MB": 12,
  "training_gpu_7_memory_MB": 12,
  "validation_AMR-2017_UAS": 0.8532785481938024,
  "validation_AMR-2017_LAS": 0.8532785481938024,
  "validation_AMR-2017_UEM": 0.2880371660859466,
  "validation_AMR-2017_LEM": 0.2880371660859466,
  "validation_AMR-2017_Label_Acc": 0.0,
  "validation_AMR-2017_Average_Insides": -72.29690998373823,
  "validation_AMR-2017_Loss_Minus_Insides": -73.65279761265211,
  "validation_loss": -145.94970759639034,
  "best_validation_AMR-2017_UAS": 0.8532785481938024,
  "best_validation_AMR-2017_LAS": 0.8532785481938024,
  "best_validation_AMR-2017_UEM": 0.2880371660859466,
  "best_validation_AMR-2017_LEM": 0.2880371660859466,
  "best_validation_AMR-2017_Label_Acc": 0.0,
  "best_validation_AMR-2017_Average_Insides": -72.29690998373823,
  "best_validation_AMR-2017_Loss_Minus_Insides": -73.65279761265211,
  "best_validation_loss": -145.94970759639034
}