{
  "best_epoch": 5,
  "peak_cpu_memory_MB": 11933.644,
  "peak_gpu_0_memory_MB": 9128,
  "peak_gpu_1_memory_MB": 7373,
  "peak_gpu_2_memory_MB": 12,
  "peak_gpu_3_memory_MB": 12,
  "peak_gpu_4_memory_MB": 12,
  "peak_gpu_5_memory_MB": 12,
  "peak_gpu_6_memory_MB": 12,
  "peak_gpu_7_memory_MB": 12,
  "training_duration": "00:26:44",
  "training_start_epoch": 0,
  "training_epochs": 5,
  "epoch": 5,
  "training_AMR-2017_UAS": 0.8463845564483528,
  "training_AMR-2017_LAS": 0.8463845564483528,
  "training_AMR-2017_UEM": 0.39503482625783104,
  "training_AMR-2017_LEM": 0.39503482625783104,
  "training_AMR-2017_Label_Acc": 0.0,
  "training_AMR-2017_Average_Insides": -31.435580377449345,
  "training_AMR-2017_Loss_Minus_Insides": -106.56743682271697,
  "training_loss": -138.0030172001663,
  "training_cpu_memory_MB": 11933.644,
  "training_gpu_0_memory_MB": 9128,
  "training_gpu_1_memory_MB": 7373,
  "training_gpu_2_memory_MB": 12,
  "training_gpu_3_memory_MB": 12,
  "training_gpu_4_memory_MB": 12,
  "training_gpu_5_memory_MB": 12,
  "training_gpu_6_memory_MB": 12,
  "training_gpu_7_memory_MB": 12,
  "validation_AMR-2017_UAS": 0.8516521143639788,
  "validation_AMR-2017_LAS": 0.8516521143639788,
  "validation_AMR-2017_UEM": 0.27293844367015097,
  "validation_AMR-2017_LEM": 0.27293844367015097,
  "validation_AMR-2017_Label_Acc": 0.0,
  "validation_AMR-2017_Average_Insides": -67.46682115755846,
  "validation_AMR-2017_Loss_Minus_Insides": -80.11959981999868,
  "validation_loss": -147.58642097755714,
  "best_validation_AMR-2017_UAS": 0.8516521143639788,
  "best_validation_AMR-2017_LAS": 0.8516521143639788,
  "best_validation_AMR-2017_UEM": 0.27293844367015097,
  "best_validation_AMR-2017_LEM": 0.27293844367015097,
  "best_validation_AMR-2017_Label_Acc": 0.0,
  "best_validation_AMR-2017_Average_Insides": -67.46682115755846,
  "best_validation_AMR-2017_Loss_Minus_Insides": -80.11959981999868,
  "best_validation_loss": -147.58642097755714
}