{
  "best_epoch": 8,
  "peak_cpu_memory_MB": 11933.644,
  "peak_gpu_0_memory_MB": 9130,
  "peak_gpu_1_memory_MB": 7373,
  "peak_gpu_2_memory_MB": 12,
  "peak_gpu_3_memory_MB": 12,
  "peak_gpu_4_memory_MB": 12,
  "peak_gpu_5_memory_MB": 12,
  "peak_gpu_6_memory_MB": 12,
  "peak_gpu_7_memory_MB": 12,
  "training_duration": "00:40:44",
  "training_start_epoch": 0,
  "training_epochs": 8,
  "epoch": 8,
  "training_AMR-2017_UAS": 0.8560290760126745,
  "training_AMR-2017_LAS": 0.8560290760126745,
  "training_AMR-2017_UEM": 0.4169033814545313,
  "training_AMR-2017_LEM": 0.4169033814545313,
  "training_AMR-2017_Label_Acc": 0.0,
  "training_AMR-2017_Average_Insides": -28.9518136104684,
  "training_AMR-2017_Loss_Minus_Insides": -108.7136567880122,
  "training_loss": -137.6654703984806,
  "training_cpu_memory_MB": 11933.644,
  "training_gpu_0_memory_MB": 9130,
  "training_gpu_1_memory_MB": 7373,
  "training_gpu_2_memory_MB": 12,
  "training_gpu_3_memory_MB": 12,
  "training_gpu_4_memory_MB": 12,
  "training_gpu_5_memory_MB": 12,
  "training_gpu_6_memory_MB": 12,
  "training_gpu_7_memory_MB": 12,
  "validation_AMR-2017_UAS": 0.8537065570963877,
  "validation_AMR-2017_LAS": 0.8537065570963877,
  "validation_AMR-2017_UEM": 0.289198606271777,
  "validation_AMR-2017_LEM": 0.289198606271777,
  "validation_AMR-2017_Label_Acc": 0.0,
  "validation_AMR-2017_Average_Insides": -79.96235243077894,
  "validation_AMR-2017_Loss_Minus_Insides": -63.947134410493476,
  "validation_loss": -143.9094868412724,
  "best_validation_AMR-2017_UAS": 0.8537065570963877,
  "best_validation_AMR-2017_LAS": 0.8537065570963877,
  "best_validation_AMR-2017_UEM": 0.289198606271777,
  "best_validation_AMR-2017_LEM": 0.289198606271777,
  "best_validation_AMR-2017_Label_Acc": 0.0,
  "best_validation_AMR-2017_Average_Insides": -79.96235243077894,
  "best_validation_AMR-2017_Loss_Minus_Insides": -63.947134410493476,
  "best_validation_loss": -143.9094868412724
}